,size,avg_daily_usage,avg_addiction_score,avg_conflicts,avg_mental_health,avg_sleep_hours,avg_age
Cluster_0,252.0,3.8043650793650796,4.595238095238095,1.7817460317460319,7.424603174603175,7.813095238095237,20.916666666666668
Cluster_1,453.0,5.5386313465783665,7.4613686534216335,3.443708609271523,5.560706401766004,6.3437086092715225,20.516556291390728
